/*
Project		: System Health Dashboard
Application	: CDCOnline 
Purpose		: Monitors the CDCOnline Tables daily to verify External process populates data in a specified frequency
Date Created: 12/17/2020
Last Updated: 01/06/2021
*/

/* Look up Table to hold Reports List */
CREATE TABLE "CDCONLINE"."SHREPORTSTBL"  (
	"RPTID"			NUMBER(5) NOT NULL CONSTRAINT CDC_SHREP_PK PRIMARY KEY,  
	"RPTNAME"		VARCHAR2(50) NOT NULL, 
	"RPTDESC"		VARCHAR2(100),
	"CREATDT"		DATE DEFAULT sysdate, 
	"LASTUPDTDT"	DATE DEFAULT sysdate, 
	"ISACTIVE"		CHAR(1) DEFAULT 'Y'
) 
	LOGGING
	TABLESPACE "CDCONLINEDATATBS"
	PCTFREE    10
	INITRANS   2
	MAXTRANS   255
	STORAGE    (
            INITIAL          64K
            NEXT             1M
            MINEXTENTS       1
            MAXEXTENTS       UNLIMITED
            PCTINCREASE      0
            BUFFER_POOL      DEFAULT
           );

/* Look up Table to hold DB Table used in the Reports */
CREATE TABLE "CDCONLINE"."SHTABLETBL"  (
	"TBLID"			NUMBER(5) NOT NULL CONSTRAINT CDC_SHTAB_PK PRIMARY KEY, 
	"TBLNAME"		VARCHAR2(50) NOT NULL, 
	"TBLDESC"		VARCHAR2(100),
	"CREATDT"		DATE DEFAULT sysdate, 
	"LASTUPDTDT"	DATE DEFAULT sysdate, 
	"ISACTIVE"		CHAR(1) DEFAULT 'Y',
	"RPTFREQNUM"	NUMBER(5),
	"RPTFREQMDY"	CHAR(1)
) 
	LOGGING
	TABLESPACE "CDCONLINEDATATBS"
	PCTFREE    10
	INITRANS   2
	MAXTRANS   255
	STORAGE    (
            INITIAL          64K
            NEXT             1M
            MINEXTENTS       1
            MAXEXTENTS       UNLIMITED
            PCTINCREASE      0
            BUFFER_POOL      DEFAULT
           );

/* Join Table between Table and Reports */
CREATE TABLE "CDCONLINE"."SHJOINRPTTABTBL"  (
	"TBLID"			NUMBER(5) NOT NULL, 
	"RPTID"			NUMBER(5) NOT NULL
) 
	LOGGING
	TABLESPACE "CDCONLINEDATATBS"
	PCTFREE    10
	INITRANS   2
	MAXTRANS   255
	STORAGE    (
            INITIAL          64K
            NEXT             1M
            MINEXTENTS       1
            MAXEXTENTS       UNLIMITED
            PCTINCREASE      0
            BUFFER_POOL      DEFAULT
           );

/* Table to hold Attributes for this module */
CREATE TABLE "CDCONLINE"."SHSYSCHKATTRIB"  (
	"ATTRIBID"		NUMBER(5) NOT NULL CONSTRAINT CDC_SHSYS_PK PRIMARY KEY, 
	"ATTRIBNAME"	VARCHAR2(50) NOT NULL, 
	"ATTRIBDESC"	VARCHAR2(100),
	"CREATDT"		DATE DEFAULT sysdate, 
	"LASTUPDTDT"	DATE DEFAULT sysdate, 
	"ISACTIVE"		CHAR(1) DEFAULT 'Y'
) 
	LOGGING
	TABLESPACE "CDCONLINEDATATBS"
	PCTFREE    10
	INITRANS   2
	MAXTRANS   255
	STORAGE    (
            INITIAL          64K
            NEXT             1M
            MINEXTENTS       1
            MAXEXTENTS       UNLIMITED
            PCTINCREASE      0
            BUFFER_POOL      DEFAULT
           );

/* Table to record each run Reports */
CREATE TABLE "CDCONLINE"."SHRUNHEALTHCHK"  (	
	"RUNID"			NUMBER(5) NOT NULL CONSTRAINT CDC_SHHLTHCHK_PK PRIMARY KEY, 
	"RUNDATE"		DATE,	
	"CREATDT"		DATE DEFAULT sysdate, 
	"LASTUPDTDT"	DATE DEFAULT sysdate, 
	"ISRUNCOMPLETE"		CHAR(1),
    "RUNCONTENT"	VARCHAR2(4000)      
) 
	LOGGING
	TABLESPACE "CDCONLINEDATATBS"
	PCTFREE    10
	INITRANS   2
	MAXTRANS   255
	STORAGE    (
            INITIAL          64K
            NEXT             1M
            MINEXTENTS       1
            MAXEXTENTS       UNLIMITED
            PCTINCREASE      0
            BUFFER_POOL      DEFAULT
           );      
          


ALTER TABLE CDCONLINE.SHSYSCHKATTRIB
ADD (
    CREATUSERID VARCHAR2(32),
    LASTUPDTUSERID VARCHAR2(32)
);

ALTER TABLE CDCONLINE.SHREPORTSTBL
ADD (
    CREATUSERID VARCHAR2(32),
    LASTUPDTUSERID VARCHAR2(32)
);

ALTER TABLE CDCONLINE.SHTABLETBL
ADD (
    CREATUSERID VARCHAR2(32),
    LASTUPDTUSERID VARCHAR2(32)
);

ALTER TABLE CDCONLINE.SHRUNHEALTHCHK
ADD (
    CREATUSERID VARCHAR2(32),
    LASTUPDTUSERID VARCHAR2(32)
);

ALTER TABLE "CDCONLINE"."SHJOINRPTTABTBL"
    ADD CONSTRAINT fk_CDC_SHTABLETBL_TBLID
    FOREIGN KEY (TBLID)
    REFERENCES "CDCONLINE"."SHTABLETBL"(TBLID);
    
    
ALTER TABLE "CDCONLINE"."SHJOINRPTTABTBL"
    ADD CONSTRAINT fk_CDC_SHREPORTSTBL_RPTID
    FOREIGN KEY (RPTID)
    REFERENCES "CDCONLINE"."SHREPORTSTBL"(RPTID);

COMMIT;

 /* INSERT STATEMENTS CDCONLINE.SHREPORTSTBL */

INSERT INTO CDCONLINE.SHREPORTSTBL (RPTID, RPTNAME, RPTDESC, CREATDT, LASTUPDTDT, ISACTIVE, CREATUSERID, LASTUPDTUSERID)
VALUES (1, 'Status of Portfolio', 'Status of Portfolio Report for each loan', sysdate, sysdate, 'Y', 'SYSTEM', 'SYSTEM');

INSERT INTO CDCONLINE.SHREPORTSTBL (RPTID, RPTNAME, RPTDESC, CREATDT, LASTUPDTDT, ISACTIVE, CREATUSERID, LASTUPDTUSERID)
VALUES (2, 'Status of Portfolio-NonCurrent', 'Status of Portfolio Report OF Non-Current loans', sysdate, sysdate, 'Y', 'SYSTEM', 'SYSTEM');

INSERT INTO CDCONLINE.SHREPORTSTBL (RPTID, RPTNAME, RPTDESC, CREATDT, LASTUPDTDT, ISACTIVE, CREATUSERID, LASTUPDTUSERID)
VALUES (3, 'Application of Funds', 'Applications of Funds', sysdate, sysdate, 'Y', 'SYSTEM', 'SYSTEM');

INSERT INTO CDCONLINE.SHREPORTSTBL (RPTID, RPTNAME, RPTDESC, CREATDT, LASTUPDTDT, ISACTIVE, CREATUSERID, LASTUPDTUSERID)
VALUES (4, 'ACH Reports > ACH Reject Monthly', 'ACH Reports > ACH Reject Monthly', sysdate, sysdate, 'Y', 'SYSTEM', 'SYSTEM');

INSERT INTO CDCONLINE.SHREPORTSTBL (RPTID, RPTNAME, RPTDESC, CREATDT, LASTUPDTDT, ISACTIVE, CREATUSERID, LASTUPDTUSERID)
VALUES (5, 'ACH Reports > CARES Act ACH Report', 'ACH Reports > CARES Act ACH Report', sysdate, sysdate, 'Y', 'SYSTEM', 'SYSTEM');

INSERT INTO CDCONLINE.SHREPORTSTBL (RPTID, RPTNAME, RPTDESC, CREATDT, LASTUPDTDT, ISACTIVE, CREATUSERID, LASTUPDTUSERID)
VALUES (6, 'ACH Reports > Loans with No ACH Banks', 'ACH Reports > Loans with No ACH Banks', sysdate, sysdate, 'Y', 'SYSTEM', 'SYSTEM');

INSERT INTO CDCONLINE.SHREPORTSTBL (RPTID, RPTNAME, RPTDESC, CREATDT, LASTUPDTDT, ISACTIVE, CREATUSERID, LASTUPDTUSERID)
VALUES (7, 'Delinquent Report', 'Delinquent Report', sysdate, sysdate, 'Y', 'SYSTEM', 'SYSTEM');

INSERT INTO CDCONLINE.SHREPORTSTBL (RPTID, RPTNAME, RPTDESC, CREATDT, LASTUPDTDT, ISACTIVE, CREATUSERID, LASTUPDTUSERID)
VALUES (8, '45 Days Delinquent', '45 Days Delinquent', sysdate, sysdate, 'Y', 'SYSTEM', 'SYSTEM');

INSERT INTO CDCONLINE.SHREPORTSTBL (RPTID, RPTNAME, RPTDESC, CREATDT, LASTUPDTDT, ISACTIVE, CREATUSERID, LASTUPDTUSERID)
VALUES (9, '65 Days Default', '65 Days Default', sysdate, sysdate, 'Y', 'SYSTEM', 'SYSTEM');

INSERT INTO CDCONLINE.SHREPORTSTBL (RPTID, RPTNAME, RPTDESC, CREATDT, LASTUPDTDT, ISACTIVE, CREATUSERID, LASTUPDTUSERID)
VALUES (10, 'Payout Statement', 'Payout Statement', sysdate, sysdate, 'Y', 'SYSTEM', 'SYSTEM');

INSERT INTO CDCONLINE.SHREPORTSTBL (RPTID, RPTNAME, RPTDESC, CREATDT, LASTUPDTDT, ISACTIVE, CREATUSERID, LASTUPDTUSERID)
VALUES (11, 'Funding', 'Funding', sysdate, sysdate, 'Y', 'SYSTEM', 'SYSTEM');

INSERT INTO CDCONLINE.SHREPORTSTBL (RPTID, RPTNAME, RPTDESC, CREATDT, LASTUPDTDT, ISACTIVE, CREATUSERID, LASTUPDTUSERID)
VALUES (12, 'Funding > Amortization Schedule', 'Funding > Amortization Schedule', sysdate, sysdate, 'Y', 'SYSTEM', 'SYSTEM');

INSERT INTO CDCONLINE.SHREPORTSTBL (RPTID, RPTNAME, RPTDESC, CREATDT, LASTUPDTDT, ISACTIVE, CREATUSERID, LASTUPDTUSERID)
VALUES (13, 'Funding > Conformed Copy', 'Funding > Conformed Copy', sysdate, sysdate, 'Y', 'SYSTEM', 'SYSTEM');

INSERT INTO CDCONLINE.SHREPORTSTBL (RPTID, RPTNAME, RPTDESC, CREATDT, LASTUPDTDT, ISACTIVE, CREATUSERID, LASTUPDTUSERID)
VALUES (14, 'Funding > Funding Statements', 'Funding > Funding Statements', sysdate, sysdate, 'Y', 'SYSTEM', 'SYSTEM');

INSERT INTO CDCONLINE.SHREPORTSTBL (RPTID, RPTNAME, RPTDESC, CREATDT, LASTUPDTDT, ISACTIVE, CREATUSERID, LASTUPDTUSERID)
VALUES (15, 'Other Reports > Check Request', 'Other Reports > Check Request', sysdate, sysdate, 'Y', 'SYSTEM', 'SYSTEM');

INSERT INTO CDCONLINE.SHREPORTSTBL (RPTID, RPTNAME, RPTDESC, CREATDT, LASTUPDTDT, ISACTIVE, CREATUSERID, LASTUPDTUSERID)
VALUES (16, 'Other Reports > Float Report', 'Other Reports > Float Report', sysdate, sysdate, 'Y', 'SYSTEM', 'SYSTEM');

INSERT INTO CDCONLINE.SHREPORTSTBL (RPTID, RPTNAME, RPTDESC, CREATDT, LASTUPDTDT, ISACTIVE, CREATUSERID, LASTUPDTUSERID)
VALUES (17, 'Other Reports > Late Fee Assessed', 'Other Reports > Late Fee Assessed', sysdate, sysdate, 'Y', 'SYSTEM', 'SYSTEM');
          
INSERT INTO CDCONLINE.SHREPORTSTBL (RPTID, RPTNAME, RPTDESC, CREATDT, LASTUPDTDT, ISACTIVE, CREATUSERID, LASTUPDTUSERID)
VALUES (18, 'Other Reports > Late Fee Disbursed', 'Other Reports > Late Fee Disbursed', sysdate, sysdate, 'Y', 'SYSTEM', 'SYSTEM');

INSERT INTO CDCONLINE.SHREPORTSTBL (RPTID, RPTNAME, RPTDESC, CREATDT, LASTUPDTDT, ISACTIVE, CREATUSERID, LASTUPDTUSERID)
VALUES (19, 'Other Reports > Late Report', 'Other Reports > Late Report', sysdate, sysdate, 'Y', 'SYSTEM', 'SYSTEM');

INSERT INTO CDCONLINE.SHREPORTSTBL (RPTID, RPTNAME, RPTDESC, CREATDT, LASTUPDTDT, ISACTIVE, CREATUSERID, LASTUPDTUSERID)
VALUES (20, 'SBA Reports > Funding', 'SBA Reports > Funding', sysdate, sysdate, 'Y', 'SYSTEM', 'SYSTEM');

INSERT INTO CDCONLINE.SHREPORTSTBL (RPTID, RPTNAME, RPTDESC, CREATDT, LASTUPDTDT, ISACTIVE, CREATUSERID, LASTUPDTUSERID)
VALUES (21, 'SBA Reports > Outstanding Guarantee', 'SBA Reports > Outstanding Guarantee', sysdate, sysdate, 'Y', 'SYSTEM', 'SYSTEM');

INSERT INTO CDCONLINE.SHREPORTSTBL (RPTID, RPTNAME, RPTDESC, CREATDT, LASTUPDTDT, ISACTIVE, CREATUSERID, LASTUPDTUSERID)
VALUES (22, 'SBA Reports > Refinanced', 'SBA Reports > Refinanced', sysdate, sysdate, 'Y', 'SYSTEM', 'SYSTEM');

INSERT INTO CDCONLINE.SHREPORTSTBL (RPTID, RPTNAME, RPTDESC, CREATDT, LASTUPDTDT, ISACTIVE, CREATUSERID, LASTUPDTUSERID)
VALUES (23, 'SBA Reports > Refinanced > Refinanced Loan Status', 'SBA Reports > Refinanced > Refinanced Loan Status', sysdate, sysdate, 'Y', 'SYSTEM', 'SYSTEM');

INSERT INTO CDCONLINE.SHREPORTSTBL (RPTID, RPTNAME, RPTDESC, CREATDT, LASTUPDTDT, ISACTIVE, CREATUSERID, LASTUPDTUSERID)
VALUES (24, 'View Annual Statement', 'View Annual Statement', sysdate, sysdate, 'Y', 'SYSTEM', 'SYSTEM');


 /* INSERT STATEMENTS CDCONLINE.SHTABLETBL */

INSERT INTO CDCONLINE.SHTABLETBL (TBLID, TBLNAME, TBLDESC, CREATDT, LASTUPDTDT, ISACTIVE, RPTFREQNUM, RPTFREQMDY, CREATUSERID, LASTUPDTUSERID)
VALUES (1, 'CDCONLINE.ADRTBL', 'CDCONLINE.ADRTBL', sysdate, sysdate, 'Y', 7, 'D', 'SYSTEM', 'SYSTEM');

INSERT INTO CDCONLINE.SHTABLETBL (TBLID, TBLNAME, TBLDESC, CREATDT, LASTUPDTDT, ISACTIVE, RPTFREQNUM, RPTFREQMDY, CREATUSERID, LASTUPDTUSERID)
VALUES (2, 'CDCONLINE.AMORTHDRTBL', 'CDCONLINE.AMORTHDRTBL', sysdate, sysdate, 'Y', 7, 'D', 'SYSTEM', 'SYSTEM');

INSERT INTO CDCONLINE.SHTABLETBL (TBLID, TBLNAME, TBLDESC, CREATDT, LASTUPDTDT, ISACTIVE, RPTFREQNUM, RPTFREQMDY, CREATUSERID, LASTUPDTUSERID)
VALUES (3, 'CDCONLINE.AMORTDTLTBL', 'CDCONLINE.AMORTDTLTBL', sysdate, sysdate, 'Y', 7, 'D', 'SYSTEM', 'SYSTEM');

INSERT INTO CDCONLINE.SHTABLETBL (TBLID, TBLNAME, TBLDESC, CREATDT, LASTUPDTDT, ISACTIVE, RPTFREQNUM, RPTFREQMDY, CREATUSERID, LASTUPDTUSERID)
VALUES (4, 'CDCONLINE.ANNSTMTLOANINFOTBL', 'CDCONLINE.ANNSTMTLOANINFOTBL', sysdate, sysdate, 'Y', 1, 'Y', 'SYSTEM', 'SYSTEM');

INSERT INTO CDCONLINE.SHTABLETBL (TBLID, TBLNAME, TBLDESC, CREATDT, LASTUPDTDT, ISACTIVE, RPTFREQNUM, RPTFREQMDY, CREATUSERID, LASTUPDTUSERID)
VALUES (5, 'CDCONLINE.ASSUMPINFOTBL', 'CDCONLINE.ASSUMPINFOTBL', sysdate, sysdate, 'Y', 1, 'Y', 'SYSTEM', 'SYSTEM');

INSERT INTO CDCONLINE.SHTABLETBL (TBLID, TBLNAME, TBLDESC, CREATDT, LASTUPDTDT, ISACTIVE, RPTFREQNUM, RPTFREQMDY, CREATUSERID, LASTUPDTUSERID)
VALUES (6, 'CDCONLINE.CARESACTACHRPTTBL', 'CDCONLINE.CARESACTACHRPTTBL', sysdate, sysdate, 'Y', 30, 'D', 'SYSTEM', 'SYSTEM');

INSERT INTO CDCONLINE.SHTABLETBL (TBLID, TBLNAME, TBLDESC, CREATDT, LASTUPDTDT, ISACTIVE, RPTFREQNUM, RPTFREQMDY, CREATUSERID, LASTUPDTUSERID)
VALUES (7, 'CDCONLINE.CHKRQSTTBL', 'CDCONLINE.CHKRQSTTBL', sysdate, sysdate, 'Y', 30, 'D', 'SYSTEM', 'SYSTEM');

INSERT INTO CDCONLINE.SHTABLETBL (TBLID, TBLNAME, TBLDESC, CREATDT, LASTUPDTDT, ISACTIVE, RPTFREQNUM, RPTFREQMDY, CREATUSERID, LASTUPDTUSERID)
VALUES (8, 'CDCONLINE.CNFRMCOPYTBL', 'CDCONLINE.CNFRMCOPYTBL', sysdate, sysdate, 'Y', 30, 'D', 'SYSTEM', 'SYSTEM');

INSERT INTO CDCONLINE.SHTABLETBL (TBLID, TBLNAME, TBLDESC, CREATDT, LASTUPDTDT, ISACTIVE, RPTFREQNUM, RPTFREQMDY, CREATUSERID, LASTUPDTUSERID)
VALUES (9, 'CDCONLINE.DELNQTBL', 'CDCONLINE.DELNQTBL', sysdate, sysdate, 'Y', 30, 'D', 'SYSTEM', 'SYSTEM');

INSERT INTO CDCONLINE.SHTABLETBL (TBLID, TBLNAME, TBLDESC, CREATDT, LASTUPDTDT, ISACTIVE, RPTFREQNUM, RPTFREQMDY, CREATUSERID, LASTUPDTUSERID)
VALUES (10, 'CDCONLINE.DFLTTBL', 'CDCONLINE.DFLTTBL', sysdate, sysdate, 'Y', 30, 'D', 'SYSTEM', 'SYSTEM');

INSERT INTO CDCONLINE.SHTABLETBL (TBLID, TBLNAME, TBLDESC, CREATDT, LASTUPDTDT, ISACTIVE, RPTFREQNUM, RPTFREQMDY, CREATUSERID, LASTUPDTUSERID)
VALUES (11, 'CDCONLINE.FUNDINGSTMTTBL', 'CDCONLINE.FUNDINGSTMTTBL', sysdate, sysdate, 'Y', 30, 'D', 'SYSTEM', 'SYSTEM');

INSERT INTO CDCONLINE.SHTABLETBL (TBLID, TBLNAME, TBLDESC, CREATDT, LASTUPDTDT, ISACTIVE, RPTFREQNUM, RPTFREQMDY, CREATUSERID, LASTUPDTUSERID)
VALUES (12, 'CDCONLINE.LATEFEEDISBTBL', 'CDCONLINE.LATEFEEDISBTBL', sysdate, sysdate, 'Y', 30, 'D', 'SYSTEM', 'SYSTEM');

INSERT INTO CDCONLINE.SHTABLETBL (TBLID, TBLNAME, TBLDESC, CREATDT, LASTUPDTDT, ISACTIVE, RPTFREQNUM, RPTFREQMDY, CREATUSERID, LASTUPDTUSERID)
VALUES (13, 'CDCONLINE.LATESTMTTBL', 'CDCONLINE.LATESTMTTBL', sysdate, sysdate, 'Y', 30, 'D', 'SYSTEM', 'SYSTEM');

INSERT INTO CDCONLINE.SHTABLETBL (TBLID, TBLNAME, TBLDESC, CREATDT, LASTUPDTDT, ISACTIVE, RPTFREQNUM, RPTFREQMDY, CREATUSERID, LASTUPDTUSERID)
VALUES (14, 'CDCONLINE.LOANTBL', 'CDCONLINE.LOANTBL', sysdate, sysdate, 'Y', 30, 'D', 'SYSTEM', 'SYSTEM');

INSERT INTO CDCONLINE.SHTABLETBL (TBLID, TBLNAME, TBLDESC, CREATDT, LASTUPDTDT, ISACTIVE, RPTFREQNUM, RPTFREQMDY, CREATUSERID, LASTUPDTUSERID)
VALUES (15, 'CDCONLINE.OUTGNTYTBL', 'CDCONLINE.OUTGNTYTBL', sysdate, sysdate, 'Y', 30, 'D', 'SYSTEM', 'SYSTEM');

INSERT INTO CDCONLINE.SHTABLETBL (TBLID, TBLNAME, TBLDESC, CREATDT, LASTUPDTDT, ISACTIVE, RPTFREQNUM, RPTFREQMDY, CREATUSERID, LASTUPDTUSERID)
VALUES (16, 'CDCONLINE.PAYOUTFLTSTMTTBL', 'CDCONLINE.PAYOUTFLTSTMTTBL', sysdate, sysdate, 'Y', 30, 'D', 'SYSTEM', 'SYSTEM');

INSERT INTO CDCONLINE.SHTABLETBL (TBLID, TBLNAME, TBLDESC, CREATDT, LASTUPDTDT, ISACTIVE, RPTFREQNUM, RPTFREQMDY, CREATUSERID, LASTUPDTUSERID)
VALUES (17, 'CDCONLINE.PAYOUTSTMTTBL', 'CDCONLINE.PAYOUTSTMTTBL', sysdate, sysdate, 'Y', 30, 'D', 'SYSTEM', 'SYSTEM');

INSERT INTO CDCONLINE.SHTABLETBL (TBLID, TBLNAME, TBLDESC, CREATDT, LASTUPDTDT, ISACTIVE, RPTFREQNUM, RPTFREQMDY, CREATUSERID, LASTUPDTUSERID)
VALUES (18, 'CDCONLINE.PORTFLTBL', 'CDCONLINE.PORTFLTBL', sysdate, sysdate, 'Y', 30, 'D', 'SYSTEM', 'SYSTEM');

INSERT INTO CDCONLINE.SHTABLETBL (TBLID, TBLNAME, TBLDESC, CREATDT, LASTUPDTDT, ISACTIVE, RPTFREQNUM, RPTFREQMDY, CREATUSERID, LASTUPDTUSERID)
VALUES (19, 'CDCONLINE.PYMTHISTRYTBL', 'CDCONLINE.PYMTHISTRYTBL', sysdate, sysdate, 'Y', 30, 'D', 'SYSTEM', 'SYSTEM');

INSERT INTO CDCONLINE.SHTABLETBL (TBLID, TBLNAME, TBLDESC, CREATDT, LASTUPDTDT, ISACTIVE, RPTFREQNUM, RPTFREQMDY, CREATUSERID, LASTUPDTUSERID)
VALUES (20, 'CDCONLINE.PYMTRJCTHISTRYTBL', 'CDCONLINE.PYMTRJCTHISTRYTBL', sysdate, sysdate, 'Y', 30, 'D', 'SYSTEM', 'SYSTEM');


COMMIT;

 /* INSERT STATEMENTS CDCONLINE.SHJOINRPTTABTBL */


/* Status of Portfolio - CDCONLINE.LOANTBL */
INSERT INTO CDCONLINE.SHJOINRPTTABTBL ( RPTID, TBLID)
VALUES (1, 14);

/* Status of Portfolio - CDCONLINE.PORTFLTBL */
INSERT INTO CDCONLINE.SHJOINRPTTABTBL ( RPTID, TBLID)
VALUES (1, 18);

/* Status of Portfolio - CDCONLINE.PYMTHISTRYTBL */
INSERT INTO CDCONLINE.SHJOINRPTTABTBL ( RPTID, TBLID)
VALUES (1, 19);

/* Status of Portfolio-NonCurrent - CDCONLINE.LOANTBL */
INSERT INTO CDCONLINE.SHJOINRPTTABTBL ( RPTID, TBLID)
VALUES (2, 14);

/* Status of Portfolio-NonCurrent - CDCONLINE.PORTFLTBL */
INSERT INTO CDCONLINE.SHJOINRPTTABTBL ( RPTID, TBLID)
VALUES (2, 18);

/* Status of Portfolio-NonCurrent - CDCONLINE.PYMTHISTRYTBL */
INSERT INTO CDCONLINE.SHJOINRPTTABTBL ( RPTID, TBLID)
VALUES (2, 19);

/* Application of Funds  - CDCONLINE.LOANTBL */
INSERT INTO CDCONLINE.SHJOINRPTTABTBL ( RPTID, TBLID)
VALUES (3, 14);

/* Application of Funds  - CDCONLINE.PORTFLTBL */
INSERT INTO CDCONLINE.SHJOINRPTTABTBL ( RPTID, TBLID)
VALUES (3, 18);

/* Application of Funds - CDCONLINE.PYMTHISTRYTBL */
INSERT INTO CDCONLINE.SHJOINRPTTABTBL ( RPTID, TBLID)
VALUES (3, 19);

/* ACH Reports > ACH Reject Monthly - CDCONLINE.PYMTRJCTHISTRYTBL */
INSERT INTO CDCONLINE.SHJOINRPTTABTBL ( RPTID, TBLID)
VALUES (4, 20);

/* ACH Reports > CARES Act ACH Report - CDCONLINE.CARESACTACHRPTTBL */
INSERT INTO CDCONLINE.SHJOINRPTTABTBL ( RPTID, TBLID)
VALUES (5, 20);

/* ACH Reports > Loans with No ACH Banks - CDCONLINE.LOANTBL */
INSERT INTO CDCONLINE.SHJOINRPTTABTBL ( RPTID, TBLID)
VALUES (5, 14);

/* Delinquent Report - CDCONLINE.DELNQTBL */
INSERT INTO CDCONLINE.SHJOINRPTTABTBL ( RPTID, TBLID)
VALUES (7, 9);

/* Delinquent Report - CDCONLINE.DFLTTBL */
INSERT INTO CDCONLINE.SHJOINRPTTABTBL ( RPTID, TBLID)
VALUES (7, 10);

/* 45 Days Delinquent - CDCONLINE.DELNQTBL */
INSERT INTO CDCONLINE.SHJOINRPTTABTBL ( RPTID, TBLID)
VALUES (8, 9);

/* 45 Days Delinquent - CDCONLINE.DFLTTBL */
INSERT INTO CDCONLINE.SHJOINRPTTABTBL ( RPTID, TBLID)
VALUES (8, 10);

/* 65 Days Default - CDCONLINE.DELNQTBL */
INSERT INTO CDCONLINE.SHJOINRPTTABTBL ( RPTID, TBLID)
VALUES (9, 9);

/* 65 Days Default - CDCONLINE.DFLTTBL */
INSERT INTO CDCONLINE.SHJOINRPTTABTBL ( RPTID, TBLID)
VALUES (9, 10);

/* Payout Statement - CDCONLINE.PAYOUTSTMTTBL */
INSERT INTO CDCONLINE.SHJOINRPTTABTBL ( RPTID, TBLID)
VALUES (10, 17);

/* Funding > Amortization Schedule - CDCONLINE.AMORTHDRTBL */
INSERT INTO CDCONLINE.SHJOINRPTTABTBL ( RPTID, TBLID)
VALUES (12, 2);

/* Funding > Amortization Schedule - CDCONLINE.AMORTDTLTBL */
INSERT INTO CDCONLINE.SHJOINRPTTABTBL ( RPTID, TBLID)
VALUES (12, 3);

/* Funding > Conformed Copy - CDCONLINE.CNFRMCOPYTBL */
INSERT INTO CDCONLINE.SHJOINRPTTABTBL ( RPTID, TBLID)
VALUES (13, 8);

/* Funding > Funding Statements - CDCONLINE.AMORTHDRTBL */
INSERT INTO CDCONLINE.SHJOINRPTTABTBL ( RPTID, TBLID)
VALUES (14, 2);

/* Funding > Funding Statements - CDCONLINE.AMORTDTLTBL */
INSERT INTO CDCONLINE.SHJOINRPTTABTBL ( RPTID, TBLID)
VALUES (14, 3);

/* Funding > Funding Statements - CDCONLINE.FUNDINGSTMTTBL */
INSERT INTO CDCONLINE.SHJOINRPTTABTBL ( RPTID, TBLID)
VALUES (14, 11);

/* Funding > Funding Statements - CDCONLINE.LOANTBL */
INSERT INTO CDCONLINE.SHJOINRPTTABTBL ( RPTID, TBLID)
VALUES (14, 14);

/* Other Reports > Check Request - CDCONLINE.CHKRQSTTBL */
INSERT INTO CDCONLINE.SHJOINRPTTABTBL ( RPTID, TBLID)
VALUES (15, 7);

/* Other Reports > Float Report - CDCONLINE.PAYOUTFLTSTMTTBL */
INSERT INTO CDCONLINE.SHJOINRPTTABTBL ( RPTID, TBLID)
VALUES (16, 16);

/* Other Reports > Late Fee Assessed - CDCONLINE.LATESTMTTBLL */
INSERT INTO CDCONLINE.SHJOINRPTTABTBL ( RPTID, TBLID)
VALUES (17, 13);

/* Other Reports > Late Fee Disbursed - CDCONLINE.LATEFEEDISBTBL */
INSERT INTO CDCONLINE.SHJOINRPTTABTBL ( RPTID, TBLID)
VALUES (18, 12);


/* SBA Reports > Funding - CDCONLINE.FUNDINGSTMTTBL */
INSERT INTO CDCONLINE.SHJOINRPTTABTBL ( RPTID, TBLID)
VALUES (20, 11);

/* SBA Reports > Outstanding Guarantee - CDCONLINE.OUTGNTYTBL */
INSERT INTO CDCONLINE.SHJOINRPTTABTBL ( RPTID, TBLID)
VALUES (21, 15);

/* SBA Reports > Refinanced - CDCONLINE.LOANTBL */
INSERT INTO CDCONLINE.SHJOINRPTTABTBL ( RPTID, TBLID)
VALUES (22, 14);

/* SBA Reports > Refinanced > Refinanced Loan Status - CDCONLINE.ADRTBL */
INSERT INTO CDCONLINE.SHJOINRPTTABTBL ( RPTID, TBLID)
VALUES (23, 1);

/* SBA Reports > Refinanced > Refinanced Loan Status - CDCONLINE.LOANTBL */
INSERT INTO CDCONLINE.SHJOINRPTTABTBL ( RPTID, TBLID)
VALUES (23, 14);

/* SBA Reports > Refinanced > Refinanced Loan Status - CDCONLINE.PORTFLTBL */
INSERT INTO CDCONLINE.SHJOINRPTTABTBL ( RPTID, TBLID)
VALUES (23, 18);

/* View Annual Statement - CDCONLINE.ANNSTMTLOANINFOTBL */
INSERT INTO CDCONLINE.SHJOINRPTTABTBL ( RPTID, TBLID)
VALUES (24, 4);

/* View Annual Statement - CDCONLINE.ASSUMPINFOTBL */
INSERT INTO CDCONLINE.SHJOINRPTTABTBL ( RPTID, TBLID)
VALUES (24, 5);

/* View Annual Statement - CDCONLINE.PYMTHISTRYTBL */
INSERT INTO CDCONLINE.SHJOINRPTTABTBL ( RPTID, TBLID)
VALUES (24, 19);

COMMIT;    



GRANT DELETE, INSERT, SELECT, UPDATE ON CDCONLINE.SHSYSCHKATTRIB TO CDCONLINECORPGOVPRTUPDATE;
GRANT DELETE, INSERT, SELECT, UPDATE ON CDCONLINE.SHSYSCHKATTRIB TO CDCONLINEREADALLROLE;
GRANT DELETE, INSERT, SELECT, UPDATE ON CDCONLINE.SHSYSCHKATTRIB TO CDCONLINEDEVROLE;
GRANT DELETE, INSERT, SELECT, UPDATE ON CDCONLINE.SHSYSCHKATTRIB TO CSAUPDTROLE;

GRANT DELETE, INSERT, SELECT, UPDATE ON CDCONLINE.SHREPORTSTBL TO CDCONLINECORPGOVPRTUPDATE;
GRANT DELETE, INSERT, SELECT, UPDATE ON CDCONLINE.SHREPORTSTBL TO CDCONLINEREADALLROLE;
GRANT DELETE, INSERT, SELECT, UPDATE ON CDCONLINE.SHREPORTSTBL TO CDCONLINEDEVROLE;
GRANT DELETE, INSERT, SELECT, UPDATE ON CDCONLINE.SHREPORTSTBL TO CSAUPDTROLE;

GRANT DELETE, INSERT, SELECT, UPDATE ON CDCONLINE.SHRUNHEALTHCHK TO CDCONLINECORPGOVPRTUPDATE;
GRANT DELETE, INSERT, SELECT, UPDATE ON CDCONLINE.SHRUNHEALTHCHK TO CDCONLINEREADALLROLE;
GRANT DELETE, INSERT, SELECT, UPDATE ON CDCONLINE.SHRUNHEALTHCHK TO CDCONLINEDEVROLE;
GRANT DELETE, INSERT, SELECT, UPDATE ON CDCONLINE.SHRUNHEALTHCHK TO CSAUPDTROLE;

GRANT DELETE, INSERT, SELECT, UPDATE ON CDCONLINE.SHTABLETBL TO CDCONLINECORPGOVPRTUPDATE;
GRANT DELETE, INSERT, SELECT, UPDATE ON CDCONLINE.SHTABLETBL TO CDCONLINEREADALLROLE;
GRANT DELETE, INSERT, SELECT, UPDATE ON CDCONLINE.SHTABLETBL TO CDCONLINEDEVROLE;
GRANT DELETE, INSERT, SELECT, UPDATE ON CDCONLINE.SHTABLETBL TO CSAUPDTROLE;

GRANT DELETE, INSERT, SELECT, UPDATE ON CDCONLINE.SHJOINRPTTABTBL TO CDCONLINECORPGOVPRTUPDATE;
GRANT DELETE, INSERT, SELECT, UPDATE ON CDCONLINE.SHJOINRPTTABTBL TO CDCONLINEREADALLROLE;
GRANT DELETE, INSERT, SELECT, UPDATE ON CDCONLINE.SHJOINRPTTABTBL TO CDCONLINEDEVROLE;
GRANT DELETE, INSERT, SELECT, UPDATE ON CDCONLINE.SHJOINRPTTABTBL TO CSAUPDTROLE;

COMMIT;

/* 12/28/2020 */


ALTER TABLE CDCONLINE.SHTABLETBL
ADD (
    FREQRUNDAY VARCHAR2(32)
);

UPDATE  CDCONLINE.SHTABLETBL
SET     FREQRUNDAY='FRI', RPTFREQNUM=7, RPTFREQMDY='D'
WHERE   TBLNAME='CDCONLINE.PAYOUTSTMTTBL';

UPDATE  CDCONLINE.SHTABLETBL
SET     RPTFREQNUM=180, RPTFREQMDY='D'
WHERE   TBLNAME='CDCONLINE.PAYOUTFLTSTMTTBL';

UPDATE CDCONLINE.SHREPORTSTBL SET ISACTIVE='N' WHERE RPTID=(SELECT RPTID FROM CDCONLINE.SHREPORTSTBL WHERE RPTNAME='Funding');

UPDATE CDCONLINE.SHREPORTSTBL SET ISACTIVE='N' WHERE RPTID=(SELECT RPTID FROM CDCONLINE.SHREPORTSTBL WHERE RPTNAME='Other Reports > Late Report');


COMMIT;

