/*
Project		: System Health Dashboard
Application	: CDCOnline 
Purpose		: Monitors the CDCOnline Tables daily to verify External process populates data in a specified frequency
Date Created: 12/17/2020
Last Updated: 03/08/2021
*/

/* Look up Table to hold Reports List */
CREATE TABLE "CDCONLINE"."SHREPORTSTBL"  (
	"RPTID"			NUMBER(5) NOT NULL CONSTRAINT CDC_SHREP_PK PRIMARY KEY,  
	"RPTNAME"		VARCHAR2(50) NOT NULL, 
	"RPTDESC"		VARCHAR2(100),
	"CREATDT"		DATE DEFAULT sysdate, 
	"LASTUPDTDT"	DATE DEFAULT sysdate, 
	"ISACTIVE"		CHAR(1) DEFAULT 'Y'

    RPTID NUMBER(5,0),
	RPTNAME VARCHAR2(50),
	RPTDESC VARCHAR2(100),
	CREATDT DATE DEFAULT sysdate,
	LASTUPDTDT DATE DEFAULT sysdate,
	ISACTIVE CHAR(1) DEFAULT 'Y',
	CREATUSERID VARCHAR2(32),
	LASTUPDTUSERID VARCHAR2(32),
    CONSTRAINT CDC_SHREP_PK PRIMARY KEY (RPTID)
) 
	LOGGING
	TABLESPACE "CDCONLINEDATATBS"
	PCTFREE    10
	INITRANS   2
	MAXTRANS   255
	STORAGE    (
            INITIAL          64K
            NEXT             1M
            MINEXTENTS       1
            MAXEXTENTS       UNLIMITED
            PCTINCREASE      0
            BUFFER_POOL      DEFAULT
           );
CREATE UNIQUE INDEX CDC_SHREP_PK ON CDCONLINE.SHREPORTSTBL (RPTID);


/* Look up Table to hold DB Table used in the Reports */
CREATE TABLE "CDCONLINE"."SHTABLETBL"  (
	TBLID NUMBER(5,0),
	TBLNAME VARCHAR2(50),
	TBLDESC VARCHAR2(100),
	CREATDT DATE DEFAULT sysdate,
	LASTUPDTDT DATE DEFAULT sysdate,
	ISACTIVE CHAR(1) DEFAULT 'Y',
	RPTFREQNUM NUMBER(5,0),
	RPTFREQMDY CHAR(1),
	CREATUSERID VARCHAR2(32),
	LASTUPDTUSERID VARCHAR2(32),
	FREQRUNDAY VARCHAR2(32),
    CONSTRAINT CDC_SHTAB_PK PRIMARY KEY (TBLID),
) 
	LOGGING
	TABLESPACE "CDCONLINEDATATBS"
	PCTFREE    10
	INITRANS   2
	MAXTRANS   255
	STORAGE    (
            INITIAL          64K
            NEXT             1M
            MINEXTENTS       1
            MAXEXTENTS       UNLIMITED
            PCTINCREASE      0
            BUFFER_POOL      DEFAULT
           );
CREATE UNIQUE INDEX CDC_SHTAB_PK ON CDCONLINE.SHTABLETBL (TBLID);



/* Join Table between Table and Reports */
CREATE TABLE "CDCONLINE"."SHJOINRPTTABTBL"  (
	TBLID NUMBER(5,0),
	RPTID NUMBER(5,0),
    CONSTRAINT FK_CDC_SHREPORTSTBL_RPTID FOREIGN KEY (RPTID) REFERENCES CDCONLINE.SHREPORTSTBL(RPTID),
	CONSTRAINT FK_CDC_SHTABLETBL_TBLID FOREIGN KEY (TBLID) REFERENCES CDCONLINE.SHTABLETBL(TBLID)
) 
	LOGGING
	TABLESPACE "CDCONLINEDATATBS"
	PCTFREE    10
	INITRANS   2
	MAXTRANS   255
	STORAGE    (
            INITIAL          64K
            NEXT             1M
            MINEXTENTS       1
            MAXEXTENTS       UNLIMITED
            PCTINCREASE      0
            BUFFER_POOL      DEFAULT
           );

/* Table to hold Attributes for this module */
CREATE TABLE "CDCONLINE"."SHSYSCHKATTRIB"  (
	ATTRIBID NUMBER(5,0),
	ATTRIBNAME VARCHAR2(50),
	ATTRIBDESC VARCHAR2(100),
	CREATDT DATE DEFAULT sysdate,
	LASTUPDTDT DATE DEFAULT sysdate,
	ISACTIVE CHAR(1) DEFAULT 'Y',
	CREATUSERID VARCHAR2(32),
	LASTUPDTUSERID VARCHAR2(32),
    CONSTRAINT CDC_SHSYS_PK PRIMARY KEY (ATTRIBID)
) 
	LOGGING
	TABLESPACE "CDCONLINEDATATBS"
	PCTFREE    10
	INITRANS   2
	MAXTRANS   255
	STORAGE    (
            INITIAL          64K
            NEXT             1M
            MINEXTENTS       1
            MAXEXTENTS       UNLIMITED
            PCTINCREASE      0
            BUFFER_POOL      DEFAULT
           );
CREATE UNIQUE INDEX CDC_SHSYS_PK ON CDCONLINE.SHSYSCHKATTRIB (ATTRIBID);


/* Table to record each run Reports */
CREATE TABLE "CDCONLINE"."SHRUNHEALTHCHK"  (	
	RUNID NUMBER(5,0),
	RUNDATE DATE,
	CREATDT DATE DEFAULT sysdate,
	LASTUPDTDT DATE DEFAULT sysdate,
	ISRUNCOMPLETE CHAR(1),
	RUNCONTENT VARCHAR2(4000),
	CREATUSERID VARCHAR2(32),
	LASTUPDTUSERID VARCHAR2(32),   
    CONSTRAINT CDC_SHHLTHCHK_PK PRIMARY KEY (RUNID)
) 
	LOGGING
	TABLESPACE "CDCONLINEDATATBS"
	PCTFREE    10
	INITRANS   2
	MAXTRANS   255
	STORAGE    (
            INITIAL          64K
            NEXT             1M
            MINEXTENTS       1
            MAXEXTENTS       UNLIMITED
            PCTINCREASE      0
            BUFFER_POOL      DEFAULT
           );     
CREATE UNIQUE INDEX CDC_SHHLTHCHK_PK ON CDCONLINE.SHRUNHEALTHCHK (RUNID);

COMMIT;



GRANT DELETE, INSERT, SELECT, UPDATE ON CDCONLINE.SHSYSCHKATTRIB TO CDCONLINECORPGOVPRTUPDATE;
GRANT DELETE, INSERT, SELECT, UPDATE ON CDCONLINE.SHSYSCHKATTRIB TO CDCONLINEREADALLROLE;
GRANT DELETE, INSERT, SELECT, UPDATE ON CDCONLINE.SHSYSCHKATTRIB TO CDCONLINEDEVROLE;
GRANT DELETE, INSERT, SELECT, UPDATE ON CDCONLINE.SHSYSCHKATTRIB TO CSAUPDTROLE;

GRANT DELETE, INSERT, SELECT, UPDATE ON CDCONLINE.SHREPORTSTBL TO CDCONLINECORPGOVPRTUPDATE;
GRANT DELETE, INSERT, SELECT, UPDATE ON CDCONLINE.SHREPORTSTBL TO CDCONLINEREADALLROLE;
GRANT DELETE, INSERT, SELECT, UPDATE ON CDCONLINE.SHREPORTSTBL TO CDCONLINEDEVROLE;
GRANT DELETE, INSERT, SELECT, UPDATE ON CDCONLINE.SHREPORTSTBL TO CSAUPDTROLE;

GRANT DELETE, INSERT, SELECT, UPDATE ON CDCONLINE.SHRUNHEALTHCHK TO CDCONLINECORPGOVPRTUPDATE;
GRANT DELETE, INSERT, SELECT, UPDATE ON CDCONLINE.SHRUNHEALTHCHK TO CDCONLINEREADALLROLE;
GRANT DELETE, INSERT, SELECT, UPDATE ON CDCONLINE.SHRUNHEALTHCHK TO CDCONLINEDEVROLE;
GRANT DELETE, INSERT, SELECT, UPDATE ON CDCONLINE.SHRUNHEALTHCHK TO CSAUPDTROLE;

GRANT DELETE, INSERT, SELECT, UPDATE ON CDCONLINE.SHTABLETBL TO CDCONLINECORPGOVPRTUPDATE;
GRANT DELETE, INSERT, SELECT, UPDATE ON CDCONLINE.SHTABLETBL TO CDCONLINEREADALLROLE;
GRANT DELETE, INSERT, SELECT, UPDATE ON CDCONLINE.SHTABLETBL TO CDCONLINEDEVROLE;
GRANT DELETE, INSERT, SELECT, UPDATE ON CDCONLINE.SHTABLETBL TO CSAUPDTROLE;

GRANT DELETE, INSERT, SELECT, UPDATE ON CDCONLINE.SHJOINRPTTABTBL TO CDCONLINECORPGOVPRTUPDATE;
GRANT DELETE, INSERT, SELECT, UPDATE ON CDCONLINE.SHJOINRPTTABTBL TO CDCONLINEREADALLROLE;
GRANT DELETE, INSERT, SELECT, UPDATE ON CDCONLINE.SHJOINRPTTABTBL TO CDCONLINEDEVROLE;
GRANT DELETE, INSERT, SELECT, UPDATE ON CDCONLINE.SHJOINRPTTABTBL TO CSAUPDTROLE;

COMMIT;


 /* INSERT STATEMENTS CDCONLINE.SHREPORTSTBL */

INSERT INTO CDCONLINE.SHREPORTSTBL (RPTID, RPTNAME, RPTDESC, CREATDT, LASTUPDTDT, ISACTIVE, CREATUSERID, LASTUPDTUSERID)
VALUES (1, 'Status of Portfolio', 'Status of Portfolio Report for each loan', sysdate, sysdate, 'Y', USER, USER);

INSERT INTO CDCONLINE.SHREPORTSTBL (RPTID, RPTNAME, RPTDESC, CREATDT, LASTUPDTDT, ISACTIVE, CREATUSERID, LASTUPDTUSERID)
VALUES (2, 'Status of Portfolio-NonCurrent', 'Status of Portfolio Report OF Non-Current loans', sysdate, sysdate, 'Y', USER, USER);

INSERT INTO CDCONLINE.SHREPORTSTBL (RPTID, RPTNAME, RPTDESC, CREATDT, LASTUPDTDT, ISACTIVE, CREATUSERID, LASTUPDTUSERID)
VALUES (3, 'Application of Funds', 'Applications of Funds', sysdate, sysdate, 'Y', USER, USER);

INSERT INTO CDCONLINE.SHREPORTSTBL (RPTID, RPTNAME, RPTDESC, CREATDT, LASTUPDTDT, ISACTIVE, CREATUSERID, LASTUPDTUSERID)
VALUES (4, 'ACH Reports > ACH Reject Monthly', 'ACH Reports > ACH Reject Monthly', sysdate, sysdate, 'Y', USER, USER);

INSERT INTO CDCONLINE.SHREPORTSTBL (RPTID, RPTNAME, RPTDESC, CREATDT, LASTUPDTDT, ISACTIVE, CREATUSERID, LASTUPDTUSERID)
VALUES (5, 'ACH Reports > CARES Act ACH Report', 'ACH Reports > CARES Act ACH Report', sysdate, sysdate, 'Y', USER, USER);

INSERT INTO CDCONLINE.SHREPORTSTBL (RPTID, RPTNAME, RPTDESC, CREATDT, LASTUPDTDT, ISACTIVE, CREATUSERID, LASTUPDTUSERID)
VALUES (6, 'ACH Reports > Loans with No ACH Banks', 'ACH Reports > Loans with No ACH Banks', sysdate, sysdate, 'Y', USER, USER);

INSERT INTO CDCONLINE.SHREPORTSTBL (RPTID, RPTNAME, RPTDESC, CREATDT, LASTUPDTDT, ISACTIVE, CREATUSERID, LASTUPDTUSERID)
VALUES (7, 'Delinquent Report', 'Delinquent Report', sysdate, sysdate, 'Y', USER, USER);

INSERT INTO CDCONLINE.SHREPORTSTBL (RPTID, RPTNAME, RPTDESC, CREATDT, LASTUPDTDT, ISACTIVE, CREATUSERID, LASTUPDTUSERID)
VALUES (8, '45 Days Delinquent', '45 Days Delinquent', sysdate, sysdate, 'Y', USER, USER);

INSERT INTO CDCONLINE.SHREPORTSTBL (RPTID, RPTNAME, RPTDESC, CREATDT, LASTUPDTDT, ISACTIVE, CREATUSERID, LASTUPDTUSERID)
VALUES (9, '65 Days Default', '65 Days Default', sysdate, sysdate, 'Y', USER, USER);

INSERT INTO CDCONLINE.SHREPORTSTBL (RPTID, RPTNAME, RPTDESC, CREATDT, LASTUPDTDT, ISACTIVE, CREATUSERID, LASTUPDTUSERID)
VALUES (10, 'Payout Statement', 'Payout Statement', sysdate, sysdate, 'Y', USER, USER);

INSERT INTO CDCONLINE.SHREPORTSTBL (RPTID, RPTNAME, RPTDESC, CREATDT, LASTUPDTDT, ISACTIVE, CREATUSERID, LASTUPDTUSERID)
VALUES (11, 'Funding', 'Funding', sysdate, sysdate, 'N', USER, USER);

INSERT INTO CDCONLINE.SHREPORTSTBL (RPTID, RPTNAME, RPTDESC, CREATDT, LASTUPDTDT, ISACTIVE, CREATUSERID, LASTUPDTUSERID)
VALUES (12, 'Funding > Amortization Schedule', 'Funding > Amortization Schedule', sysdate, sysdate, 'Y', USER, USER);

INSERT INTO CDCONLINE.SHREPORTSTBL (RPTID, RPTNAME, RPTDESC, CREATDT, LASTUPDTDT, ISACTIVE, CREATUSERID, LASTUPDTUSERID)
VALUES (13, 'Funding > Conformed Copy', 'Funding > Conformed Copy', sysdate, sysdate, 'Y', USER, USER);

INSERT INTO CDCONLINE.SHREPORTSTBL (RPTID, RPTNAME, RPTDESC, CREATDT, LASTUPDTDT, ISACTIVE, CREATUSERID, LASTUPDTUSERID)
VALUES (14, 'Funding > Funding Statements', 'Funding > Funding Statements', sysdate, sysdate, 'Y', USER, USER);

INSERT INTO CDCONLINE.SHREPORTSTBL (RPTID, RPTNAME, RPTDESC, CREATDT, LASTUPDTDT, ISACTIVE, CREATUSERID, LASTUPDTUSERID)
VALUES (15, 'Other Reports > Check Request', 'Other Reports > Check Request', sysdate, sysdate, 'Y', USER, USER);

INSERT INTO CDCONLINE.SHREPORTSTBL (RPTID, RPTNAME, RPTDESC, CREATDT, LASTUPDTDT, ISACTIVE, CREATUSERID, LASTUPDTUSERID)
VALUES (16, 'Other Reports > Float Report', 'Other Reports > Float Report', sysdate, sysdate, 'Y', USER, USER);

INSERT INTO CDCONLINE.SHREPORTSTBL (RPTID, RPTNAME, RPTDESC, CREATDT, LASTUPDTDT, ISACTIVE, CREATUSERID, LASTUPDTUSERID)
VALUES (17, 'Other Reports > Late Fee Assessed', 'Other Reports > Late Fee Assessed', sysdate, sysdate, 'Y', USER, USER);
          
INSERT INTO CDCONLINE.SHREPORTSTBL (RPTID, RPTNAME, RPTDESC, CREATDT, LASTUPDTDT, ISACTIVE, CREATUSERID, LASTUPDTUSERID)
VALUES (18, 'Other Reports > Late Fee Disbursed', 'Other Reports > Late Fee Disbursed', sysdate, sysdate, 'Y', USER, USER);

INSERT INTO CDCONLINE.SHREPORTSTBL (RPTID, RPTNAME, RPTDESC, CREATDT, LASTUPDTDT, ISACTIVE, CREATUSERID, LASTUPDTUSERID)
VALUES (19, 'Other Reports > Late Report', 'Other Reports > Late Report', sysdate, sysdate, 'N', USER, USER);

INSERT INTO CDCONLINE.SHREPORTSTBL (RPTID, RPTNAME, RPTDESC, CREATDT, LASTUPDTDT, ISACTIVE, CREATUSERID, LASTUPDTUSERID)
VALUES (20, 'SBA Reports > Funding', 'SBA Reports > Funding', sysdate, sysdate, 'Y', USER, USER);

INSERT INTO CDCONLINE.SHREPORTSTBL (RPTID, RPTNAME, RPTDESC, CREATDT, LASTUPDTDT, ISACTIVE, CREATUSERID, LASTUPDTUSERID)
VALUES (21, 'SBA Reports > Outstanding Guarantee', 'SBA Reports > Outstanding Guarantee', sysdate, sysdate, 'Y', USER, USER);

INSERT INTO CDCONLINE.SHREPORTSTBL (RPTID, RPTNAME, RPTDESC, CREATDT, LASTUPDTDT, ISACTIVE, CREATUSERID, LASTUPDTUSERID)
VALUES (22, 'SBA Reports > Refinanced', 'SBA Reports > Refinanced', sysdate, sysdate, 'Y', USER, USER);

INSERT INTO CDCONLINE.SHREPORTSTBL (RPTID, RPTNAME, RPTDESC, CREATDT, LASTUPDTDT, ISACTIVE, CREATUSERID, LASTUPDTUSERID)
VALUES (23, 'SBA Reports > Refinanced > Refinanced Loan Status', 'SBA Reports > Refinanced > Refinanced Loan Status', sysdate, sysdate, 'Y', USER, USER);

INSERT INTO CDCONLINE.SHREPORTSTBL (RPTID, RPTNAME, RPTDESC, CREATDT, LASTUPDTDT, ISACTIVE, CREATUSERID, LASTUPDTUSERID)
VALUES (24, 'View Annual Statement', 'View Annual Statement', sysdate, sysdate, 'Y', USER, USER);

COMMIT;



 /* INSERT STATEMENTS CDCONLINE.SHTABLETBL */
INSERT INTO CDCONLINE.SHTABLETBL (TBLID,TBLNAME,TBLDESC,CREATDT,LASTUPDTDT,ISACTIVE,RPTFREQNUM,RPTFREQMDY,CREATUSERID,LASTUPDTUSERID,FREQRUNDAY,MONITORTYPEID) 
VALUES (1,'CDCONLINE.ADRTBL','CDCONLINE.ADRTBL',sysdate, sysdate,'Y',7,'D',USER,USER,NULL,1);

INSERT INTO CDCONLINE.SHTABLETBL (TBLID,TBLNAME,TBLDESC,CREATDT,LASTUPDTDT,ISACTIVE,RPTFREQNUM,RPTFREQMDY,CREATUSERID,LASTUPDTUSERID,FREQRUNDAY,MONITORTYPEID) 
VALUES (2,'CDCONLINE.AMORTHDRTBL','CDCONLINE.AMORTHDRTBL',sysdate, sysdate,'Y',7,'D',USER,USER,NULL,1);

INSERT INTO CDCONLINE.SHTABLETBL (TBLID,TBLNAME,TBLDESC,CREATDT,LASTUPDTDT,ISACTIVE,RPTFREQNUM,RPTFREQMDY,CREATUSERID,LASTUPDTUSERID,FREQRUNDAY,MONITORTYPEID) 
VALUES (3,'CDCONLINE.AMORTDTLTBL','CDCONLINE.AMORTDTLTBL',sysdate, sysdate,'Y',7,'D',USER,USER,NULL,1);
     
INSERT INTO CDCONLINE.SHTABLETBL (TBLID,TBLNAME,TBLDESC,CREATDT,LASTUPDTDT,ISACTIVE,RPTFREQNUM,RPTFREQMDY,CREATUSERID,LASTUPDTUSERID,FREQRUNDAY,MONITORTYPEID) 
VALUES (4,'CDCONLINE.ANNSTMTLOANINFOTBL','CDCONLINE.ANNSTMTLOANINFOTBL',sysdate, sysdate,'Y',1,'Y',USER,USER,NULL,1);
     
INSERT INTO CDCONLINE.SHTABLETBL (TBLID,TBLNAME,TBLDESC,CREATDT,LASTUPDTDT,ISACTIVE,RPTFREQNUM,RPTFREQMDY,CREATUSERID,LASTUPDTUSERID,FREQRUNDAY,MONITORTYPEID) 
VALUES (5,'CDCONLINE.ASSUMPINFOTBL','CDCONLINE.ASSUMPINFOTBL',sysdate, sysdate,'Y',1,'Y',USER,USER,NULL,1);

INSERT INTO CDCONLINE.SHTABLETBL (TBLID,TBLNAME,TBLDESC,CREATDT,LASTUPDTDT,ISACTIVE,RPTFREQNUM,RPTFREQMDY,CREATUSERID,LASTUPDTUSERID,FREQRUNDAY,MONITORTYPEID) 
VALUES (6,'CDCONLINE.CARESACTACHRPTTBL','CDCONLINE.CARESACTACHRPTTBL',sysdate, sysdate,'Y',30,'D',USER,USER,NULL,1);

INSERT INTO CDCONLINE.SHTABLETBL (TBLID,TBLNAME,TBLDESC,CREATDT,LASTUPDTDT,ISACTIVE,RPTFREQNUM,RPTFREQMDY,CREATUSERID,LASTUPDTUSERID,FREQRUNDAY,MONITORTYPEID) 
VALUES (7,'CDCONLINE.CHKRQSTTBL','CDCONLINE.CHKRQSTTBL',sysdate, sysdate,'Y',30,'D',USER,USER,NULL,1);
     
INSERT INTO CDCONLINE.SHTABLETBL (TBLID,TBLNAME,TBLDESC,CREATDT,LASTUPDTDT,ISACTIVE,RPTFREQNUM,RPTFREQMDY,CREATUSERID,LASTUPDTUSERID,FREQRUNDAY,MONITORTYPEID) 
VALUES (8,'CDCONLINE.CNFRMCOPYTBL','CDCONLINE.CNFRMCOPYTBL',sysdate, sysdate,'Y',30,'D',USER,USER,NULL,1);
     
INSERT INTO CDCONLINE.SHTABLETBL (TBLID,TBLNAME,TBLDESC,CREATDT,LASTUPDTDT,ISACTIVE,RPTFREQNUM,RPTFREQMDY,CREATUSERID,LASTUPDTUSERID,FREQRUNDAY,MONITORTYPEID) 
VALUES (9,'CDCONLINE.DELNQTBL','CDCONLINE.DELNQTBL',sysdate, sysdate,'Y',30,'D',USER,USER,NULL,1);
     
INSERT INTO CDCONLINE.SHTABLETBL (TBLID,TBLNAME,TBLDESC,CREATDT,LASTUPDTDT,ISACTIVE,RPTFREQNUM,RPTFREQMDY,CREATUSERID,LASTUPDTUSERID,FREQRUNDAY,MONITORTYPEID) 
VALUES (10,'CDCONLINE.DFLTTBL','CDCONLINE.DFLTTBL',sysdate, sysdate, 'Y',30,'D',USER,USER,NULL,1);
     
INSERT INTO CDCONLINE.SHTABLETBL (TBLID,TBLNAME,TBLDESC,CREATDT,LASTUPDTDT,ISACTIVE,RPTFREQNUM,RPTFREQMDY,CREATUSERID,LASTUPDTUSERID,FREQRUNDAY,MONITORTYPEID) 
VALUES (11,'CDCONLINE.FUNDINGSTMTTBL','CDCONLINE.FUNDINGSTMTTBL',sysdate, sysdate,'Y',30,'D',USER,USER,NULL,1);
     
INSERT INTO CDCONLINE.SHTABLETBL (TBLID,TBLNAME,TBLDESC,CREATDT,LASTUPDTDT,ISACTIVE,RPTFREQNUM,RPTFREQMDY,CREATUSERID,LASTUPDTUSERID,FREQRUNDAY,MONITORTYPEID) 
VALUES (12,'CDCONLINE.LATEFEEDISBTBL','CDCONLINE.LATEFEEDISBTBL',sysdate, sysdate,'Y',30,'D',USER,USER,NULL,1);
     
INSERT INTO CDCONLINE.SHTABLETBL (TBLID,TBLNAME,TBLDESC,CREATDT,LASTUPDTDT,ISACTIVE,RPTFREQNUM,RPTFREQMDY,CREATUSERID,LASTUPDTUSERID,FREQRUNDAY,MONITORTYPEID) 
VALUES (13,'CDCONLINE.LATESTMTTBL','CDCONLINE.LATESTMTTBL',sysdate, sysdate,'Y',30,'D',USER,USER,NULL,1);
     
INSERT INTO CDCONLINE.SHTABLETBL (TBLID,TBLNAME,TBLDESC,CREATDT,LASTUPDTDT,ISACTIVE,RPTFREQNUM,RPTFREQMDY,CREATUSERID,LASTUPDTUSERID,FREQRUNDAY,MONITORTYPEID) 
VALUES (14,'CDCONLINE.LOANTBL','CDCONLINE.LOANTBL',sysdate, sysdate,'Y',30,'D',USER,USER,NULL,1);
     
INSERT INTO CDCONLINE.SHTABLETBL (TBLID,TBLNAME,TBLDESC,CREATDT,LASTUPDTDT,ISACTIVE,RPTFREQNUM,RPTFREQMDY,CREATUSERID,LASTUPDTUSERID,FREQRUNDAY,MONITORTYPEID) 
VALUES (15,'CDCONLINE.OUTGNTYTBL','CDCONLINE.OUTGNTYTBL',sysdate, sysdate,'Y',30,'D',USER,USER,NULL,1);
     
INSERT INTO CDCONLINE.SHTABLETBL (TBLID,TBLNAME,TBLDESC,CREATDT,LASTUPDTDT,ISACTIVE,RPTFREQNUM,RPTFREQMDY,CREATUSERID,LASTUPDTUSERID,FREQRUNDAY,MONITORTYPEID) 
VALUES (16,'CDCONLINE.PAYOUTFLTSTMTTBL','CDCONLINE.PAYOUTFLTSTMTTBL',sysdate, sysdate,'Y',180,'D',USER,USER,NULL,1);
     
INSERT INTO CDCONLINE.SHTABLETBL (TBLID,TBLNAME,TBLDESC,CREATDT,LASTUPDTDT,ISACTIVE,RPTFREQNUM,RPTFREQMDY,CREATUSERID,LASTUPDTUSERID,FREQRUNDAY,MONITORTYPEID) 
VALUES (17,'CDCONLINE.PAYOUTSTMTTBL','CDCONLINE.PAYOUTSTMTTBL',sysdate, sysdate,'Y',7,'D',USER,USER,'FRI',1);
     
INSERT INTO CDCONLINE.SHTABLETBL (TBLID,TBLNAME,TBLDESC,CREATDT,LASTUPDTDT,ISACTIVE,RPTFREQNUM,RPTFREQMDY,CREATUSERID,LASTUPDTUSERID,FREQRUNDAY,MONITORTYPEID) 
VALUES (18,'CDCONLINE.PORTFLTBL','CDCONLINE.PORTFLTBL',sysdate, sysdate,'Y',30,'D',USER,USER,NULL,1);
     
INSERT INTO CDCONLINE.SHTABLETBL (TBLID,TBLNAME,TBLDESC,CREATDT,LASTUPDTDT,ISACTIVE,RPTFREQNUM,RPTFREQMDY,CREATUSERID,LASTUPDTUSERID,FREQRUNDAY,MONITORTYPEID) 
VALUES (19,'CDCONLINE.PYMTHISTRYTBL','CDCONLINE.PYMTHISTRYTBL',sysdate, sysdate,'Y',30,'D',USER,USER,NULL,1);
     
INSERT INTO CDCONLINE.SHTABLETBL (TBLID,TBLNAME,TBLDESC,CREATDT,LASTUPDTDT,ISACTIVE,RPTFREQNUM,RPTFREQMDY,CREATUSERID,LASTUPDTUSERID,FREQRUNDAY,MONITORTYPEID) 
VALUES (20,'CDCONLINE.PYMTRJCTHISTRYTBL','CDCONLINE.PYMTRJCTHISTRYTBL',sysdate, sysdate,'Y',30,'D',USER,USER,NULL,1);


COMMIT;

 /* INSERT STATEMENTS CDCONLINE.SHJOINRPTTABTBL */
INSERT INTO CDCONLINE.SHJOINRPTTABTBL (TBLID, RPTID) VALUES(14, 1);
INSERT INTO CDCONLINE.SHJOINRPTTABTBL (TBLID, RPTID) VALUES(18, 1);
INSERT INTO CDCONLINE.SHJOINRPTTABTBL (TBLID, RPTID) VALUES(19, 1);
INSERT INTO CDCONLINE.SHJOINRPTTABTBL (TBLID, RPTID) VALUES(14, 2);
INSERT INTO CDCONLINE.SHJOINRPTTABTBL (TBLID, RPTID) VALUES(18, 2);
INSERT INTO CDCONLINE.SHJOINRPTTABTBL (TBLID, RPTID) VALUES(19, 2);
INSERT INTO CDCONLINE.SHJOINRPTTABTBL (TBLID, RPTID) VALUES(14, 3);
INSERT INTO CDCONLINE.SHJOINRPTTABTBL (TBLID, RPTID) VALUES(18, 3);
INSERT INTO CDCONLINE.SHJOINRPTTABTBL (TBLID, RPTID) VALUES(19, 3);
INSERT INTO CDCONLINE.SHJOINRPTTABTBL (TBLID, RPTID) VALUES(20, 4);
INSERT INTO CDCONLINE.SHJOINRPTTABTBL (TBLID, RPTID) VALUES(20, 5);
INSERT INTO CDCONLINE.SHJOINRPTTABTBL (TBLID, RPTID) VALUES(14, 5);
INSERT INTO CDCONLINE.SHJOINRPTTABTBL (TBLID, RPTID) VALUES(9, 7);
INSERT INTO CDCONLINE.SHJOINRPTTABTBL (TBLID, RPTID) VALUES(10, 7);
INSERT INTO CDCONLINE.SHJOINRPTTABTBL (TBLID, RPTID) VALUES(9, 8);
INSERT INTO CDCONLINE.SHJOINRPTTABTBL (TBLID, RPTID) VALUES(10, 8);
INSERT INTO CDCONLINE.SHJOINRPTTABTBL (TBLID, RPTID) VALUES(9, 9);
INSERT INTO CDCONLINE.SHJOINRPTTABTBL (TBLID, RPTID) VALUES(10, 9);
INSERT INTO CDCONLINE.SHJOINRPTTABTBL (TBLID, RPTID) VALUES(17, 10);
INSERT INTO CDCONLINE.SHJOINRPTTABTBL (TBLID, RPTID) VALUES(2, 12);
INSERT INTO CDCONLINE.SHJOINRPTTABTBL (TBLID, RPTID) VALUES(3, 12);
INSERT INTO CDCONLINE.SHJOINRPTTABTBL (TBLID, RPTID) VALUES(8, 13);
INSERT INTO CDCONLINE.SHJOINRPTTABTBL (TBLID, RPTID) VALUES(2, 14);
INSERT INTO CDCONLINE.SHJOINRPTTABTBL (TBLID, RPTID) VALUES(3, 14);
INSERT INTO CDCONLINE.SHJOINRPTTABTBL (TBLID, RPTID) VALUES(11, 14);
INSERT INTO CDCONLINE.SHJOINRPTTABTBL (TBLID, RPTID) VALUES(14, 14);
INSERT INTO CDCONLINE.SHJOINRPTTABTBL (TBLID, RPTID) VALUES(7, 15);
INSERT INTO CDCONLINE.SHJOINRPTTABTBL (TBLID, RPTID) VALUES(16, 16);
INSERT INTO CDCONLINE.SHJOINRPTTABTBL (TBLID, RPTID) VALUES(13, 17);
INSERT INTO CDCONLINE.SHJOINRPTTABTBL (TBLID, RPTID) VALUES(12, 18);
INSERT INTO CDCONLINE.SHJOINRPTTABTBL (TBLID, RPTID) VALUES(11, 20);
INSERT INTO CDCONLINE.SHJOINRPTTABTBL (TBLID, RPTID) VALUES(15, 21);
INSERT INTO CDCONLINE.SHJOINRPTTABTBL (TBLID, RPTID) VALUES(14, 22);
INSERT INTO CDCONLINE.SHJOINRPTTABTBL (TBLID, RPTID) VALUES(1, 23);
INSERT INTO CDCONLINE.SHJOINRPTTABTBL (TBLID, RPTID) VALUES(14, 23);
INSERT INTO CDCONLINE.SHJOINRPTTABTBL (TBLID, RPTID) VALUES(18, 23);
INSERT INTO CDCONLINE.SHJOINRPTTABTBL (TBLID, RPTID) VALUES(4, 24);
INSERT INTO CDCONLINE.SHJOINRPTTABTBL (TBLID, RPTID) VALUES(5, 24);
INSERT INTO CDCONLINE.SHJOINRPTTABTBL (TBLID, RPTID) VALUES(19, 24);

COMMIT;

